Id,DistrictId,Rooms,Square,LifeSquare,KitchenSquare,Floor,HouseFloor,HouseYear,Ecology_1,Ecology_2,Ecology_3,Social_1,Social_2,Social_3,Helthcare_2,Shops_1,Shops_2
11538,6,3.0,80.21939967207726,47.660259644506,9.0,13,17.0,2014,0.243204519,1,1,5,1564,0,0,0,1
11407,79,4.0,37.92034786532114,21.35748713139034,6.0,6,17.0,2014,0.307466659,1,0,30,5048,9,2,5,1
4510,1,1.0,43.15376113882693,21.017595539577567,9.0,10,17.0,2014,0.007122317,1,1,1,264,0,0,1,1
5551,30,3.0,86.69855297322044,88.58914961144241,1.0,9,12.0,2014,7.81528e-05,1,1,22,6398,141,3,23,1
12065,7,2.0,62.036273018981525,36.65935827554236,10.0,14,22.0,2014,0.130617806,1,1,39,10418,9,1,9,1
1907,23,1.0,42.09387762284546,38.88585707994032,1.0,4,4.0,2014,0.034656082000000005,1,1,0,168,0,0,0,1
16274,113,1.0,103.76343427522282,104.9269218097437,1.0,21,20.0,2014,0.050755569,1,1,24,5469,1,0,1,1
16775,27,2.0,76.89588810574809,40.96515745125488,12.0,10,12.0,2014,0.051815435,1,1,5,1227,0,0,0,1
12593,31,2.0,84.16730274568235,44.962520340221815,16.0,17,40.0,2014,0.151346216,1,0,32,5889,10,4,1,1
15104,23,2.0,55.04104305083888,32.528217259089516,9.0,12,17.0,2014,0.075778755,1,1,6,1437,3,0,2,1
3572,1,1.0,44.1724783237925,41.901679711694214,6.0,20,20.0,2014,0.007122317,1,1,1,264,0,0,1,1
7252,27,1.0,45.88763391189167,18.07249683732121,1.0,4,3.0,2014,0.07542368,1,1,11,3097,0,0,0,1
5409,19,1.0,45.78757940178234,21.411374160830555,9.0,6,25.0,2014,0.309479124,1,1,35,7715,4,0,6,1
8917,24,3.0,63.20827078442918,40.3589705172567,13.0,16,24.0,2014,0.111627393,1,1,50,12238,8,2,3,1
5630,23,3.0,75.68849618268635,44.72851921369121,11.0,4,17.0,2014,0.075778755,1,1,6,1437,3,0,2,1
2870,48,1.0,37.404287442720616,36.15881045508672,1.0,11,1.0,2014,0.041124634,1,1,46,9515,5,1,10,1
3555,93,2.0,58.240195298182705,33.757580221080296,9.0,13,24.0,2014,0.050900058,1,1,43,10621,1,2,3,1
14428,1,2.0,63.389191173834,34.19322306938645,12.0,18,17.0,2014,0.007122317,1,1,1,264,0,0,1,1
7115,34,2.0,84.65505090896272,47.15480450304707,12.0,7,24.0,2014,0.069753361,1,1,53,13670,4,1,11,1
6176,27,2.0,42.37748780927234,41.74829124021842,1.0,14,17.0,2014,0.072157581,1,1,2,629,1,0,0,0
14087,48,3.0,99.61588199913928,36.15881045508672,1.0,8,8.0,2014,0.041124634,1,1,46,9515,5,1,10,1
672,62,1.0,46.269455626479186,22.82023936961452,11.0,8,17.0,2014,0.072157581,1,1,2,629,1,0,0,0
9638,27,1.0,98.28378292248749,85.53117197043935,0.0,2,13.0,2014,0.07542368,1,1,11,3097,0,0,0,1
14876,23,3.0,86.73689459981534,86.03533170443701,1.0,4,3.0,2014,0.034656082000000005,1,1,0,168,0,0,0,1
12603,27,3.0,87.11106179723497,52.263326325483405,17.0,2,3.0,2014,0.011654127,1,1,4,915,0,0,0,1
16109,46,1.0,41.157742230431964,40.40705904799749,1.0,18,1.0,2014,0.0,1,1,47,11319,0,3,5,1
1201,23,2.0,76.35195431004767,42.55222333526846,14.0,5,12.0,2014,0.014072961,1,1,2,475,0,0,0,1
5139,34,2.0,59.92774490501757,36.15881045508672,1.0,5,1.0,2014,0.069753361,1,1,53,13670,4,1,11,1
14968,62,3.0,93.21625454264209,36.15881045508672,1.0,5,3.0,2014,0.072157581,1,1,2,629,1,0,0,0
1691,75,1.0,48.612498004459724,18.123170916289524,1.0,11,1.0,2014,0.122090347,1,1,29,6566,7,4,0,1
4301,44,2.0,60.682465767899224,37.55960236019028,10.0,16,22.0,2014,0.232205084,1,1,24,4860,1,0,3,1
14291,27,2.0,65.65985093990662,33.48381106685745,12.0,19,17.0,2014,0.072157581,1,1,2,629,1,0,0,0
7781,92,1.0,37.91472329839142,20.594541269525372,7.0,11,17.0,2014,0.460556389,1,1,20,4386,14,1,5,1
12937,62,2.0,55.433665796123094,57.452521223023574,14.0,11,12.0,2014,0.072157581,1,1,2,629,1,0,0,0
7200,54,2.0,74.73513532993171,78.34061336373793,1.0,7,1.0,2014,0.006076152,1,1,30,5285,0,6,6,1
5869,58,1.0,46.68800347913572,45.67031028232661,0.0,10,17.0,2014,0.43788524,1,1,23,5735,3,0,5,1
10228,27,1.0,37.14267228959695,40.83038394930946,1.0,3,15.0,2014,0.211401214,1,1,9,1892,0,0,1,1
13831,6,2.0,65.98806791340026,60.24258345323662,1.0,18,17.0,2014,0.243204519,1,1,5,1564,0,0,0,1
13691,27,1.0,38.990808662488135,36.85458567665953,1.0,4,15.0,2014,0.011654127,1,1,4,915,0,0,0,1
6313,1,3.0,80.67710601424461,52.902188816139,10.0,9,17.0,2014,0.007122317,1,1,1,264,0,0,1,1
15208,184,3.0,125.53817797753705,126.4730348064992,1.0,8,6.0,2014,0.246623602,1,1,14,2940,45,3,6,1
10617,6,2.0,65.7063870935295,36.15881045508672,1.0,14,1.0,2014,0.243204519,1,1,5,1564,0,0,0,1
11424,27,1.0,88.62711549813555,79.5889143525306,0.0,1,3.0,2014,0.07542368,1,1,11,3097,0,0,0,1
10858,6,1.0,40.732911640534965,38.81730094739986,1.0,17,17.0,2014,0.243204519,1,1,5,1564,0,0,0,1
1779,29,1.0,43.610767135670784,16.26838735605571,9.0,7,17.0,2014,0.069660344,1,1,31,6119,4,1,2,1
9583,27,1.0,32.47978110410621,36.15881045508672,1.0,25,24.0,2014,0.072157581,1,1,2,629,1,0,0,0
14350,6,2.0,63.954710971802356,36.15881045508672,1.0,12,1.0,2014,0.243204519,1,1,5,1564,0,0,0,1
618,27,3.0,46.75859082197714,5.385300628412235,1.0,23,25.0,2014,0.072157581,1,1,2,629,1,0,0,0
15394,67,2.0,70.83598477893811,40.154647228882645,11.0,12,19.0,2014,0.0077202819999999985,1,1,38,4788,2,0,4,1
1506,17,3.0,126.52503365285676,128.23007768938714,12.0,8,15.0,2014,0.093442564,1,1,23,4635,5,2,4,1
6174,6,1.0,40.42494234106525,36.15881045508672,1.0,6,17.0,2014,0.243204519,1,1,5,1564,0,0,0,1
16392,35,1.0,45.1286127346463,36.15881045508672,1.0,7,18.0,2014,0.089039719,1,1,33,7976,5,0,11,1
3077,27,1.0,37.535582985591475,36.15881045508672,1.0,2,19.0,2014,0.211401214,1,1,9,1892,0,0,1,1
4230,34,1.0,45.84676180237188,44.32027456098964,10.0,16,16.0,2014,0.069753361,1,1,53,13670,4,1,11,1
15227,31,3.0,98.64221943398563,54.330062176152566,11.0,18,18.0,2014,0.151346216,1,0,32,5889,10,4,1,1
5649,6,2.0,53.6965264452508,14.525565550611795,9.0,14,17.0,2014,0.243204519,1,1,5,1564,0,0,0,1
13572,30,2.0,63.73875024628544,49.44228838387225,10.0,3,15.0,2014,7.81528e-05,1,1,22,6398,141,3,23,1
16645,54,2.0,78.01379924664572,76.68194721885853,1.0,9,1.0,2014,0.006076152,1,1,30,5285,0,6,6,1
10758,73,2.0,72.30896949540383,72.57668671318005,1.0,8,17.0,2014,0.042031587,1,1,37,6856,84,2,5,1
13852,62,1.0,48.169829357005185,25.32539908060597,14.0,7,12.0,2014,0.072157581,1,1,2,629,1,0,0,0
14801,1,2.0,63.14256906975294,66.21981509628355,1.0,11,24.0,2014,0.007122317,1,1,1,264,0,0,1,1
7222,62,2.0,73.94376825257649,37.578155570154046,13.0,11,17.0,2014,0.072157581,1,1,2,629,1,0,0,0
5968,23,1.0,28.571190492277694,29.40338105783641,0.0,12,17.0,2014,0.034656082000000005,1,1,0,168,0,0,0,1
9115,27,1.0,31.416478657308826,28.46446705817943,7.0,6,19.0,2014,0.211401214,1,1,9,1892,0,0,1,1
5782,27,2.0,58.35843641236407,61.30091905769744,10.0,4,17.0,2014,0.011654127,1,1,4,915,0,0,0,1
6052,62,1.0,53.75248825796945,36.15881045508672,1.0,6,4.0,2014,0.072157581,1,1,2,629,1,0,0,0
8352,23,2.0,65.87010890502282,67.6594496491698,0.0,3,3.0,2014,0.034656082000000005,1,1,0,168,0,0,0,1
7924,79,2.0,59.10899824460973,31.054752992845117,13.0,2,25.0,2014,0.307466659,1,0,30,5048,9,2,5,1
6661,0,1.0,42.70413139035436,21.69422130792266,9.0,17,17.0,2014,0.006076152,1,1,30,5285,0,6,6,1
14712,12,3.0,81.59660202522781,83.25931199428177,1.0,9,17.0,2014,0.090799103,1,1,74,19083,2,5,15,1
4533,31,2.0,83.96329898886948,38.419224101081355,14.0,33,40.0,2014,0.151346216,1,0,32,5889,10,4,1,1
7743,6,3.0,77.40637155066531,75.99495864522427,1.0,1,1.0,2014,0.243204519,1,1,5,1564,0,0,0,1
10644,9,3.0,81.28032456205288,74.0414805952077,1.0,6,20.0,2014,0.161531741,1,1,25,5648,1,2,4,1
8340,9,2.0,64.61634731644105,32.23437898894518,8.0,11,9.0,2014,0.161531741,1,1,25,5648,1,2,4,1
5055,1,2.0,55.577610078870784,32.54836018516995,9.0,10,17.0,2014,0.007122317,1,1,1,264,0,0,1,1
2444,27,2.0,83.06079587516129,87.19113350190938,10.0,4,6.0,2014,0.07542368,1,1,11,3097,0,0,0,1
5688,45,2.0,73.10887638981626,36.15881045508672,1.0,8,17.0,2014,0.195781053,1,1,23,5212,6,3,2,1
5250,96,4.0,87.77638168144794,54.620539994927256,10.0,25,24.0,2014,0.041116354,1,1,53,14892,4,1,4,1
13756,27,1.0,47.631000131935494,36.15881045508672,1.0,17,16.0,2014,0.072157581,1,1,2,629,1,0,0,0
13254,27,1.0,36.47376588787663,36.15881045508672,1.0,9,16.0,2014,0.011654127,1,1,4,915,0,0,0,1
9692,9,3.0,88.86883493907246,51.86528207496705,9.0,10,13.0,2014,0.161531741,1,1,25,5648,1,2,4,1
7044,6,2.0,61.93963790162919,58.02806000443961,1.0,12,17.0,2014,0.243204519,1,1,5,1564,0,0,0,1
14918,29,2.0,84.79723573319764,40.222558950179966,11.0,26,30.0,2014,0.069660344,1,1,31,6119,4,1,2,1
834,45,2.0,66.31442151216207,36.15881045508672,1.0,7,17.0,2014,0.195781053,1,1,23,5212,6,3,2,1
1906,6,2.0,54.43138301078786,32.55715926935128,8.0,7,17.0,2014,0.243204519,1,1,5,1564,0,0,0,1
16637,27,2.0,64.16805290294141,36.15881045508672,1.0,3,1.0,2014,0.017647053,1,1,2,469,0,0,0,1
2523,23,2.0,53.82733774919834,36.15881045508672,1.0,4,3.0,2014,0.005767451,1,1,1,388,0,0,0,1
2844,1,2.0,64.78505452410977,31.768714459215197,12.0,7,17.0,2014,0.007122317,1,1,1,264,0,0,1,1
16251,9,1.0,45.74226717354091,36.15881045508672,1.0,18,18.0,2014,0.161531741,1,1,25,5648,1,2,4,1
8236,48,2.0,80.6137132884967,82.49179856169965,1.0,20,1.0,2014,0.041124634,1,1,46,9515,5,1,10,1
11504,30,1.0,49.180144526448366,49.24812680102091,1.0,11,1.0,2014,7.81528e-05,1,1,22,6398,141,3,23,1
170,6,2.0,2.900585619683484,61.46856306435149,1.0,18,17.0,2014,0.243204519,1,1,5,1564,0,0,0,1
7130,30,1.0,46.26311727912618,36.15881045508672,1.0,20,22.0,2014,7.81528e-05,1,1,22,6398,141,3,23,1
835,27,3.0,76.98919506227361,75.43593430262253,1.0,9,17.0,2014,0.011654127,1,1,4,915,0,0,0,1
8696,62,2.0,103.86554188361815,36.15881045508672,1.0,10,1.0,2014,0.072157581,1,1,2,629,1,0,0,0
14356,54,2.0,78.17621653251605,75.03267993591038,1.0,10,8.0,2014,0.006076152,1,1,30,5285,0,6,6,1
2088,23,1.0,44.83158545535742,44.46902443660616,10.0,3,10.0,2014,0.034656082000000005,1,1,0,168,0,0,0,1
3711,94,1.0,41.281057292665885,42.39259409457574,10.0,13,13.0,2014,0.282797669,1,1,33,8667,2,0,6,1
3495,27,3.0,82.6528178306488,5.690155050675606,1.0,4,17.0,2015,0.072157581,1,1,2,629,1,0,0,0
12694,27,3.0,83.67003174601149,46.35835603454894,0.0,8,0.0,2015,0.072157581,1,1,2,629,1,0,0,0
9519,62,3.0,81.91299694150432,75.87209437359333,11.0,3,6.0,2015,0.072157581,1,1,2,629,1,0,0,0
8860,167,2.0,71.00673046165267,69.01066476613677,1.0,4,10.0,2015,0.051942062,1,1,17,4017,7,2,0,1
9462,30,1.0,40.414996137045335,39.01334079739734,1.0,10,17.0,2015,7.81528e-05,1,1,22,6398,141,3,23,1
3679,30,1.0,43.8437864463592,36.15881045508672,1.0,21,22.0,2015,7.81528e-05,1,1,22,6398,141,3,23,1
1481,23,1.0,31.167933345181524,30.527056422874946,0.0,11,9.0,2015,0.034656082000000005,1,1,0,168,0,0,0,1
14610,26,2.0,77.82818763612575,41.300250756580155,14.0,15,17.0,2015,0.0,1,1,36,6714,2,0,2,1
16230,79,1.0,41.21182587377156,19.60855097311191,9.0,15,25.0,2015,0.307466659,1,0,30,5048,9,2,5,1
5351,30,1.0,41.61762712605238,22.039703539110608,1.0,16,22.0,2015,7.81528e-05,1,1,22,6398,141,3,23,1
7213,74,1.0,54.74987165514175,25.61224297075931,13.0,4,17.0,2015,0.075778755,1,1,6,1437,3,0,2,1
2740,27,1.0,45.07973134965165,45.36792042199732,10.0,15,17.0,2015,0.072157581,1,1,2,629,1,0,0,0
1840,23,1.0,45.57217923811558,36.15881045508672,1.0,6,17.0,2015,0.034656082000000005,1,1,0,168,0,0,0,1
4774,30,1.0,40.08750902874917,36.15881045508672,1.0,22,22.0,2015,7.81528e-05,1,1,22,6398,141,3,23,1
9025,74,2.0,79.95089442890368,41.37454579779746,16.0,15,17.0,2015,0.309479124,1,1,35,7715,4,0,6,1
5501,27,1.0,35.059532650574965,36.15881045508672,1.0,8,25.0,2015,0.072157581,1,1,2,629,1,0,0,0
16369,27,3.0,80.18091269037039,41.355706569723466,1.0,10,12.0,2015,0.017647053,1,1,2,469,0,0,0,1
16207,161,1.0,48.324295923745346,15.821926122331881,9.0,4,9.0,2015,0.014423114,1,1,19,3806,4,0,3,1
12123,6,1.0,40.44583605566729,18.660079683274333,9.0,10,17.0,2015,0.243204519,1,1,5,1564,0,0,0,1
3747,23,5.0,139.04576318583412,89.79027379211708,42.0,1,3.0,2015,0.014072961,1,1,2,475,0,0,0,1
13707,1,1.0,42.44688260400803,19.846674850833782,7.0,2,17.0,2015,0.007122317,1,1,1,264,0,0,1,1
7936,23,1.0,42.433915431779496,39.95955691843428,9.0,3,17.0,2015,0.034656082000000005,1,1,0,168,0,0,0,1
14823,27,1.0,38.12496278590432,37.360788855206586,1.0,23,25.0,2015,0.072157581,1,1,2,629,1,0,0,0
13305,73,1.0,47.486150919048036,44.346935318790074,1.0,10,10.0,2015,0.042031587,1,1,37,6856,84,2,5,1
11350,32,1.0,37.362347202556855,15.591407964282716,13.0,19,25.0,2015,0.135649789,1,1,46,7960,6,3,11,1
5763,23,3.0,69.87765310865488,36.15881045508672,1.0,1,16.0,2015,0.005767451,1,1,1,388,0,0,0,1
6615,6,1.0,44.79122298257181,42.17176923603591,1.0,6,17.0,2015,0.243204519,1,1,5,1564,0,0,0,1
1852,59,3.0,100.46240725809608,101.96364353834663,0.0,21,20.0,2015,0.019508796,1,1,37,7687,11,5,5,1
5218,23,1.0,36.87053423944619,36.15881045508672,8.0,2,3.0,2015,0.005767451,1,1,1,388,0,0,0,1
2272,58,1.0,50.975473538476756,43.04682641413224,12.0,7,9.0,2015,0.43788524,1,1,23,5735,3,0,5,1
16735,23,3.0,70.65062502159009,70.57278371128916,0.0,5,0.0,2015,0.005767451,1,1,1,388,0,0,0,1
9158,27,1.0,32.38584024360763,33.030973675405725,1.0,2,15.0,2015,0.211401214,1,1,9,1892,0,0,1,1
210,27,3.0,79.20384046248057,47.839564669739325,10.0,6,18.0,2015,0.072157581,1,1,2,629,1,0,0,0
13832,30,1.0,48.57702848219884,46.141048124626856,0.0,13,13.0,2015,7.81528e-05,1,1,22,6398,141,3,23,1
7927,31,2.0,73.79121963511314,39.009449301848825,13.0,5,18.0,2015,0.151346216,1,0,32,5889,10,4,1,1
2787,34,2.0,59.349106414619996,57.385055452405005,8.0,15,20.0,2015,0.069753361,1,1,53,13670,4,1,11,1
653,30,2.0,39.112929101577365,36.15881045508672,1.0,16,1.0,2015,7.81528e-05,1,1,22,6398,141,3,23,1
5281,34,4.0,98.49159665953,89.91552400757601,1.0,8,9.0,2015,0.069753361,1,1,53,13670,4,1,11,1
5745,6,1.0,43.76998048253842,40.806910951813116,1.0,16,25.0,2015,0.243204519,1,1,5,1564,0,0,0,1
11962,59,1.0,45.573080666218644,45.490972650885226,0.0,11,11.0,2015,0.019508796,1,1,37,7687,11,5,5,1
12017,23,2.0,68.54996608453739,67.53533111046967,1.0,9,17.0,2015,0.034656082000000005,1,1,0,168,0,0,0,1
1005,124,2.0,74.40897857258693,43.72886100682892,4.0,8,40.0,2015,0.174739084,1,1,17,3379,9,0,3,1
4974,35,1.0,44.48147638192804,35.85557669810768,10.0,6,17.0,2015,0.089039719,1,1,33,7976,5,0,11,1
2077,27,1.0,54.4737523885719,21.133650179679226,13.0,13,18.0,2015,0.072157581,1,1,2,629,1,0,0,0
15835,23,3.0,83.38415601520283,80.3702303917696,10.0,14,18.0,2015,0.034656082000000005,1,1,0,168,0,0,0,1
7491,63,1.0,46.665022585109284,49.49111587817467,10.0,6,17.0,2015,0.23861713,1,1,26,3889,6,3,6,1
13826,45,2.0,64.75230389868925,62.29379267485883,1.0,20,24.0,2015,0.195781053,1,1,23,5212,6,3,2,1
1407,6,2.0,60.51559512487713,2.9152219590667583,1.0,4,17.0,2015,0.243204519,1,1,5,1564,0,0,0,1
2214,34,1.0,44.534739144483005,40.77877476425483,0.0,3,25.0,2015,0.069753361,1,1,53,13670,4,1,11,1
13103,8,2.0,67.28265780219178,35.2447612955446,12.0,6,16.0,2015,0.092290642,1,1,21,4346,2,1,2,1
6762,62,1.0,34.936967577185484,31.77600163166204,9.0,23,22.0,2015,0.072157581,1,1,2,629,1,0,0,0
11720,27,2.0,63.389024196753454,62.78186701066034,1.0,10,17.0,2015,0.072157581,1,1,2,629,1,0,0,0
3148,31,2.0,86.4033153606915,53.353463313847065,16.0,5,40.0,2015,0.151346216,1,0,32,5889,10,4,1,1
11500,54,3.0,119.32063060724892,118.66721021762872,1.0,8,7.0,2015,0.006076152,1,1,30,5285,0,6,6,1
11552,6,3.0,81.90929334045485,52.376238070260726,10.0,10,25.0,2015,0.243204519,1,1,5,1564,0,0,0,1
3685,48,2.0,81.9599702666736,83.0115100254765,11.0,21,25.0,2015,0.041124634,1,1,46,9515,5,1,10,1
12195,6,2.0,63.343585495700744,61.482984097150094,1.0,18,25.0,2015,0.243204519,1,1,5,1564,0,0,0,1
221,81,2.0,65.61558193602018,41.399893042496174,9.0,10,24.0,2015,0.319809354,1,1,25,4756,16,5,8,1
12293,23,3.0,67.89628518851954,65.99645334407631,1.0,14,17.0,2015,0.034656082000000005,1,1,0,168,0,0,0,1
2990,1,1.0,40.86513582203556,39.93268613974281,1.0,14,17.0,2015,0.007122317,1,1,1,264,0,0,1,1
3423,52,2.0,54.80905803869349,36.15881045508672,10.0,11,17.0,2015,0.371148999,1,1,34,7065,1,2,5,1
164,58,1.0,37.287781586738205,36.15881045508672,1.0,13,15.0,2015,0.43788524,1,1,23,5735,3,0,5,1
8673,27,1.0,47.058040732585056,36.15881045508672,1.0,4,16.0,2015,0.072157581,1,1,2,629,1,0,0,0
10793,23,3.0,110.75022569542149,36.15881045508672,0.0,2,2.0,2015,0.014072961,1,1,2,475,0,0,0,1
13529,53,1.0,38.122015363593725,41.73649617440017,10.0,15,17.0,2015,0.049637257,1,1,34,7759,0,1,3,1
3242,6,1.0,40.28678712067378,36.15881045508672,1.0,18,1.0,2015,0.243204519,1,1,5,1564,0,0,0,1
1871,1,1.0,48.61324993667937,36.15881045508672,1.0,13,16.0,2015,0.007122317,1,1,1,264,0,0,1,1
4532,6,1.0,61.586628978057746,58.05748828101017,1.0,19,25.0,2015,0.243204519,1,1,5,1564,0,0,0,1
2725,58,3.0,92.85847490259478,90.4486281028277,1.0,5,3.0,2015,0.43788524,1,1,23,5735,3,0,5,1
7939,30,1.0,47.54280638871768,36.15881045508672,1.0,9,20.0,2015,7.81528e-05,1,1,22,6398,141,3,23,1
3028,9,1.0,43.34834794254378,0.8092645741447718,0.0,16,17.0,2015,0.161531741,1,1,25,5648,1,2,4,1
6741,27,2.0,59.37957011831522,59.51384856143322,1.0,14,19.0,2015,0.211401214,1,1,9,1892,0,0,1,1
2662,30,1.0,42.22711465585297,2.0321094370487605,1.0,15,17.0,2015,7.81528e-05,1,1,22,6398,141,3,23,1
10223,74,1.0,56.72658939435873,56.14668220711413,1.0,9,1.0,2015,0.075778755,1,1,6,1437,3,0,2,1
2229,23,2.0,56.72436475332414,32.19428456068046,1.0,9,17.0,2015,0.075778755,1,1,6,1437,3,0,2,1
12829,6,3.0,79.92780634059116,81.39008251291685,1.0,4,17.0,2015,0.243204519,1,1,5,1564,0,0,0,1
9942,1,3.0,125.0705824836986,5.152488395714611,1.0,4,14.0,2015,0.007122317,1,1,1,264,0,0,1,1
10266,23,3.0,78.70514518523436,78.95987403899757,1.0,4,3.0,2015,0.034656082000000005,1,1,0,168,0,0,0,1
15709,48,3.0,86.48993470329461,86.16502319357315,1.0,24,1.0,2015,0.041124634,1,1,46,9515,5,1,10,1
5181,27,2.0,61.55017045470249,58.22555732937045,7.0,5,14.0,2015,0.017647053,1,1,2,469,0,0,0,1
6785,25,1.0,46.36038505647989,36.15881045508672,1.0,20,1.0,2015,0.069753361,1,1,53,13670,4,1,11,1
14928,59,3.0,98.98353911990313,95.04910983790569,1.0,21,19.0,2015,0.019508796,1,1,37,7687,11,5,5,1
4201,23,1.0,52.93483444445153,51.641588514844216,10.0,7,17.0,2015,0.034656082000000005,1,1,0,168,0,0,0,1
15188,31,1.0,55.065799780626186,25.212095644521998,10.0,24,40.0,2015,0.151346216,1,0,32,5889,10,4,1,1
13060,25,2.0,51.14490565954394,48.97953973672529,1.0,18,25.0,2015,0.069753361,1,1,53,13670,4,1,11,1
987,45,3.0,82.06737828974852,36.15881045508672,1.0,8,17.0,2015,0.195781053,1,1,23,5212,6,3,2,1
8198,27,3.0,49.055051590474775,32.37748268645575,6.0,19,25.0,2015,0.072157581,1,1,2,629,1,0,0,0
8742,23,2.0,56.251690152923615,54.16006768538482,1.0,2,1.0,2015,0.034656082000000005,1,1,0,168,0,0,0,1
8228,6,3.0,79.1724980420137,45.39711853155686,12.0,4,10.0,2015,0.243204519,1,1,5,1564,0,0,0,1
3897,27,2.0,68.42786121123918,64.098690321507,1.0,10,10.0,2015,0.01405792,1,1,1,290,0,0,0,1
13666,6,1.0,39.357527431807725,41.89517518039839,1.0,8,17.0,2015,0.243204519,1,1,5,1564,0,0,0,1
7959,23,1.0,51.75432639162232,45.34475116479536,1.0,9,9.0,2015,0.014072961,1,1,2,475,0,0,0,1
13786,27,2.0,63.514513622638646,34.66605000422544,1.0,6,1.0,2015,0.017647053,1,1,2,469,0,0,0,1
7696,23,2.0,74.64631863190073,75.21441100136617,1.0,5,1.0,2015,0.014072961,1,1,2,475,0,0,0,1
13988,45,3.0,81.13013424258592,79.57760546906576,0.0,17,17.0,2015,0.195781053,1,1,23,5212,6,3,2,1
11946,1,1.0,41.25108462322254,42.781793978123716,6.0,20,20.0,2015,0.007122317,1,1,1,264,0,0,1,1
15790,27,1.0,48.31817010762891,36.15881045508672,1.0,4,1.0,2015,0.017647053,1,1,2,469,0,0,0,1
9986,1,2.0,64.21133908793284,36.15881045508672,1.0,4,16.0,2015,0.007122317,1,1,1,264,0,0,1,1
16301,30,2.0,65.52805771009083,56.83207583562583,1.0,2,10.0,2015,7.81528e-05,1,1,22,6398,141,3,23,1
1000,35,2.0,63.51602545003964,63.30459923450146,1.0,5,18.0,2015,0.089039719,1,1,33,7976,5,0,11,1
31,24,1.0,42.10351127275372,14.902370780710935,8.0,10,24.0,2015,0.111627393,1,1,50,12238,8,2,3,1
15777,27,1.0,41.22307894813133,42.426247838899776,1.0,13,17.0,2015,0.011654127,1,1,4,915,0,0,0,1
12716,48,3.0,105.62227284941879,106.78521876576828,1.0,23,1.0,2015,0.041124634,1,1,46,9515,5,1,10,1
12457,30,2.0,62.31742242943879,36.15881045508672,1.0,3,1.0,2015,7.81528e-05,1,1,22,6398,141,3,23,1
6797,48,1.0,48.68812559492853,3.6115678472429456,1.0,21,21.0,2015,0.041124634,1,1,46,9515,5,1,10,1
8470,62,2.0,58.76751016094296,30.20568846786984,11.0,5,17.0,2015,0.072157581,1,1,2,629,1,0,0,0
13456,6,1.0,38.90624910827649,22.77818604424768,6.0,9,17.0,2015,0.243204519,1,1,5,1564,0,0,0,1
12598,1,3.0,87.06207373560154,36.15881045508672,10.0,17,22.0,2015,0.007122317,1,1,1,264,0,0,1,1
9874,27,1.0,31.667379113115143,32.284110256337144,1.0,1,14.0,2015,0.017647053,1,1,2,469,0,0,0,1
13771,27,2.0,57.79582814583778,36.15881045508672,1.0,9,15.0,2015,0.011654127,1,1,4,915,0,0,0,1
10542,27,1.0,67.26456239813952,62.509498735414965,12.0,17,17.0,2015,0.072157581,1,1,2,629,1,0,0,0
12064,6,2.0,65.89741617272568,5.264992814972579,1.0,12,1.0,2015,0.243204519,1,1,5,1564,0,0,0,1
4923,27,1.0,41.515281040597536,39.63615956223219,1.0,15,25.0,2015,0.211401214,1,1,9,1892,0,0,1,1
8819,27,3.0,81.60607368160294,46.13444943790271,10.0,3,17.0,2015,0.011654127,1,1,4,915,0,0,0,1
4053,27,3.0,85.78513621219858,84.77855715273441,10.0,3,17.0,2015,0.011654127,1,1,4,915,0,0,0,1
8873,74,1.0,51.163213889841224,16.111394279319388,13.0,12,17.0,2015,0.075778755,1,1,6,1437,3,0,2,1
12310,48,2.0,81.10708742233139,84.56922661616001,1.0,6,1.0,2015,0.041124634,1,1,46,9515,5,1,10,1
7100,45,1.0,41.60848174033347,43.8696430074314,1.0,19,19.0,2015,0.195781053,1,1,23,5212,6,3,2,1
3078,6,1.0,41.62266636907175,20.375135662386576,7.0,9,17.0,2015,0.243204519,1,1,5,1564,0,0,0,1
13074,27,2.0,63.8475951900427,62.85608013662533,1.0,4,22.0,2015,0.211401214,1,1,9,1892,0,0,1,1
8497,62,3.0,108.25065654415651,36.15881045508672,1.0,9,1.0,2015,0.072157581,1,1,2,629,1,0,0,0
10748,27,2.0,64.25160382004853,34.3833393777631,1.0,16,16.0,2015,0.017647053,1,1,2,469,0,0,0,1
9198,6,1.0,38.274862637296295,40.96884297669622,1.0,3,17.0,2015,0.243204519,1,1,5,1564,0,0,0,1
13877,27,2.0,56.78226155296662,54.473735754962064,10.0,2,5.0,2015,0.07542368,1,1,11,3097,0,0,0,1
15846,34,1.0,26.71972348939218,36.15881045508672,1.0,4,2.0,2015,0.069753361,1,1,53,13670,4,1,11,1
10869,23,3.0,78.00188787116683,82.56632217843081,1.0,21,25.0,2015,0.075778755,1,1,6,1437,3,0,2,1
16352,23,2.0,56.06537189019497,54.815411805642434,1.0,6,17.0,2015,0.034656082000000005,1,1,0,168,0,0,0,1
6680,27,1.0,43.393592848286886,42.689224303105995,1.0,13,15.0,2015,0.011654127,1,1,4,915,0,0,0,1
11291,6,2.0,53.60679427325993,1.3204392917261951,1.0,15,17.0,2015,0.243204519,1,1,5,1564,0,0,0,1
5529,5,3.0,104.95680645684295,103.02163388055138,1.0,10,25.0,2015,0.150817539,1,1,16,3433,4,4,5,1
13851,37,2.0,55.26865275717001,57.789531693231204,10.0,16,17.0,2015,0.17891679600000002,1,1,18,3594,4,1,5,1
3218,38,1.0,47.9813246694989,36.15881045508672,1.0,8,17.0,2015,0.060753049,1,1,15,2787,2,0,7,1
16788,74,1.0,48.763155442667035,47.20973768307008,1.0,7,10.0,2015,0.075778755,1,1,6,1437,3,0,2,1
16563,52,1.0,40.709073578008955,41.243693228866334,1.0,4,10.0,2015,0.371148999,1,1,34,7065,1,2,5,1
10299,6,2.0,65.76006806091783,36.15881045508672,1.0,10,17.0,2015,0.243204519,1,1,5,1564,0,0,0,1
7494,1,2.0,65.32888196876655,36.15881045508672,10.0,3,17.0,2015,0.007122317,1,1,1,264,0,0,1,1
5724,23,1.0,41.381001845435705,16.56258461310051,9.0,9,17.0,2015,0.075778755,1,1,6,1437,3,0,2,1
12640,6,2.0,54.62914192453746,31.48630808065044,97.0,4,17.0,2015,0.243204519,1,1,5,1564,0,0,0,1
7394,148,3.0,79.67085654838417,48.503318502740136,6.0,18,33.0,2015,0.313924552,1,1,22,4625,11,2,10,1
11787,30,1.0,45.363501721615364,36.15881045508672,1.0,18,18.0,2015,7.81528e-05,1,1,22,6398,141,3,23,1
1729,29,1.0,48.97584967153942,21.996096072495238,10.0,6,30.0,2015,0.069660344,1,1,31,6119,4,1,2,1
5252,23,1.0,36.31437454222571,36.15881045508672,6.0,12,12.0,2015,0.034656082000000005,1,1,0,168,0,0,0,1
7054,30,1.0,44.768414349864,36.15881045508672,1.0,13,1.0,2015,7.81528e-05,1,1,22,6398,141,3,23,1
12134,52,2.0,66.46342969601757,36.15881045508672,1.0,12,16.0,2015,0.371148999,1,1,34,7065,1,2,5,1
2649,79,1.0,46.14538172137318,43.34051026340398,10.0,23,25.0,2015,0.307466659,1,0,30,5048,9,2,5,1
14916,6,2.0,52.32414920411487,52.928465275260685,9.0,5,17.0,2015,0.243204519,1,1,5,1564,0,0,0,1
10664,6,2.0,71.27996797259519,38.324806715095406,11.0,4,25.0,2015,0.243204519,1,1,5,1564,0,0,0,1
11524,1,2.0,72.30222868518383,71.7678053632436,1.0,8,7.0,2015,0.007122317,1,1,1,264,0,0,1,1
2461,72,2.0,103.1143565395187,4.312838467615933,1.0,34,37.0,2015,0.210473241,1,1,11,2398,2,3,0,1
6998,6,2.0,65.23507155845282,33.84909512683275,13.0,9,17.0,2015,0.243204519,1,1,5,1564,0,0,0,1
1630,62,2.0,77.78996065431599,80.93539748360244,10.0,12,17.0,2015,0.072157581,1,1,2,629,1,0,0,0
9671,45,2.0,75.62161610122911,62.88656908678546,1.0,15,14.0,2015,0.195781053,1,1,23,5212,6,3,2,1
5485,62,3.0,88.09888333422033,36.15881045508672,1.0,14,16.0,2015,0.072157581,1,1,2,629,1,0,0,0
8165,62,3.0,139.1015233124246,36.15881045508672,20.0,4,3.0,2015,0.072157581,1,1,2,629,1,0,0,0
11265,34,3.0,83.82724048818885,80.53799625700981,10.0,24,25.0,2015,0.069753361,1,1,53,13670,4,1,11,1
7785,29,2.0,60.79059135492034,32.92508663208161,11.0,17,16.0,2015,0.069660344,1,1,31,6119,4,1,2,1
76,45,2.0,65.46692669064807,63.34006075613018,1.0,22,22.0,2015,0.195781053,1,1,23,5212,6,3,2,1
4141,94,4.0,96.93312720933693,96.2829009845397,8.0,18,22.0,2015,0.282797669,1,1,33,8667,2,0,6,1
4821,74,2.0,82.54250689748585,82.58506860163347,0.0,4,17.0,2015,0.309479124,1,1,35,7715,4,0,6,1
5452,27,1.0,48.58791283401774,42.59618990044878,12.0,3,2.0,2016,0.017647053,1,1,2,469,0,0,0,1
1872,30,2.0,52.44905662805961,52.79834949331681,1.0,17,17.0,2016,7.81528e-05,1,1,22,6398,141,3,23,1
9205,120,2.0,85.91182654959276,4.188395456748467,1.0,5,1.0,2016,0.341071945,1,1,27,5664,48,3,11,1
12389,27,3.0,99.6149063275124,36.15881045508672,1.0,10,16.0,2016,0.072157581,1,1,2,629,1,0,0,0
16367,27,2.0,64.24856766446668,33.41653796838658,10.0,3,17.0,2016,0.011654127,1,1,4,915,0,0,0,1
11709,63,1.0,51.87244680148408,36.15881045508672,1.0,23,22.0,2016,0.23861713,1,1,26,3889,6,3,6,1
1755,52,1.0,39.09860343618078,36.15881045508672,10.0,7,20.0,2016,0.371148999,1,1,34,7065,1,2,5,1
16154,6,2.0,67.10261059647395,61.7386738079794,1.0,7,17.0,2016,0.243204519,1,1,5,1564,0,0,0,1
5399,1,3.0,88.01116413692017,36.15881045508672,10.0,18,22.0,2016,0.007122317,1,1,1,264,0,0,1,1
940,27,1.0,48.67477878990234,2.9129915504326207,1.0,7,17.0,2016,0.072157581,1,1,2,629,1,0,0,0
1338,6,2.0,52.38195857990864,51.78961099961988,1.0,9,7.0,2016,0.243204519,1,1,5,1564,0,0,0,1
15483,74,1.0,52.34891900290146,16.146111258237852,13.0,4,17.0,2016,0.075778755,1,1,6,1437,3,0,2,1
15028,27,2.0,42.40873386310217,44.43031419727217,1.0,9,1.0,2016,0.072157581,1,1,2,629,1,0,0,0
1859,6,2.0,64.35032819675892,61.03381767971413,10.0,8,17.0,2016,0.243204519,1,1,5,1564,0,0,0,1
4096,27,3.0,78.02570589184715,42.60886734709052,1.0,1,14.0,2016,0.017647053,1,1,2,469,0,0,0,1
6325,23,2.0,50.539480708707565,36.15881045508672,1.0,4,12.0,2016,0.034656082000000005,1,1,0,168,0,0,0,1
5194,23,1.0,44.52386773618927,17.258233460632233,11.0,3,4.0,2016,0.014072961,1,1,2,475,0,0,0,1
4481,1,3.0,82.64904012248999,42.25922436583136,11.0,5,18.0,2016,0.007122317,1,1,1,264,0,0,1,1
117,59,4.0,121.22525035713663,122.18054790475936,1.0,21,1.0,2016,0.0,1,1,18,3374,5,1,2,1
12397,27,1.0,52.1369720696901,1.5511671733160328,1.0,10,12.0,2016,0.072157581,1,1,2,629,1,0,0,0
2249,62,1.0,77.1576750214448,78.28176321353712,34.0,5,24.0,2016,0.072157581,1,1,2,629,1,0,0,0
7255,45,1.0,43.111667554142244,39.7377967275228,0.0,13,12.0,2016,0.195781053,1,1,23,5212,6,3,2,1
15918,30,1.0,32.066234838333685,36.15881045508672,1.0,5,17.0,2016,7.81528e-05,1,1,22,6398,141,3,23,1
10668,30,1.0,46.79567268263514,46.05768570927601,1.0,4,4.0,2016,7.81528e-05,1,1,22,6398,141,3,23,1
4809,1,2.0,68.67221761959297,67.20114286734162,1.0,5,9.0,2016,0.007122317,1,1,1,264,0,0,1,1
15172,38,3.0,86.20474059964937,50.675846811372786,10.0,7,20.0,2016,0.060753049,1,1,15,2787,2,0,7,1
14584,1,1.0,39.442559812118596,36.15881045508672,10.0,9,17.0,2016,0.007122317,1,1,1,264,0,0,1,1
14449,25,1.0,32.93847268320188,32.57110520192509,7.0,15,17.0,2016,0.069753361,1,1,53,13670,4,1,11,1
3958,38,2.0,76.72522422455049,42.963186917821744,1.0,15,15.0,2016,0.060753049,1,1,15,2787,2,0,7,1
11296,27,1.0,47.47861814711314,21.9460504197926,0.0,6,0.0,2016,0.017647053,1,1,2,469,0,0,0,1
798,63,1.0,48.285948376167056,5.441648048987648,1.0,25,1.0,2016,0.23861713,1,1,26,3889,6,3,6,1
14962,1,1.0,52.82967629505761,36.15881045508672,6.0,12,12.0,2016,0.014580716,1,1,3,760,1,0,0,1
7180,34,3.0,82.86521383339634,86.90352550442431,10.0,26,25.0,2016,0.069753361,1,1,53,13670,4,1,11,1
5818,6,1.0,39.47110714676914,2.2063103458855937,0.0,6,17.0,2016,0.243204519,1,1,5,1564,0,0,0,1
13634,56,1.0,51.58538397142153,49.08777399445211,1.0,18,25.0,2016,0.0,1,1,23,5067,4,2,6,1
2641,30,2.0,68.68285775864122,36.15881045508672,1.0,12,12.0,2016,7.81528e-05,1,1,22,6398,141,3,23,1
4066,74,3.0,111.47404050008112,111.6022035595422,17.0,13,15.0,2016,0.075778755,1,1,6,1437,3,0,2,1
3601,30,1.0,42.04688631883095,44.17475861733945,1.0,13,11.0,2016,7.81528e-05,1,1,22,6398,141,3,23,1
7640,6,3.0,83.59925843840603,46.442016816036165,9.0,17,17.0,2016,0.243204519,1,1,5,1564,0,0,0,1
10992,63,1.0,48.4546101532168,48.51853029078194,1.0,24,22.0,2016,0.23861713,1,1,26,3889,6,3,6,1
11380,1,2.0,72.41652586657902,74.90460254971666,1.0,8,8.0,2016,0.007122317,1,1,1,264,0,0,1,1
9009,6,1.0,42.681164763793475,39.048610517023896,1.0,7,17.0,2016,0.243204519,1,1,5,1564,0,0,0,1
10969,62,1.0,42.67726304920691,43.73847164637347,10.0,3,17.0,2016,0.072157581,1,1,2,629,1,0,0,0
11029,30,1.0,31.73762464318432,32.104178356122496,8.0,26,25.0,2016,7.81528e-05,1,1,22,6398,141,3,23,1
8019,88,1.0,42.540968484652545,42.084804164441984,1.0,22,24.0,2016,0.127375905,1,1,43,8429,3,3,9,1
16045,27,2.0,63.69700999017743,36.15881045508672,10.0,14,17.0,2016,0.072157581,1,1,2,629,1,0,0,0
5135,30,1.0,43.144340569177466,18.295503331696487,1.0,12,22.0,2016,7.81528e-05,1,1,22,6398,141,3,23,1
6542,6,2.0,55.84996524830046,33.65861645540995,9.0,13,17.0,2016,0.243204519,1,1,5,1564,0,0,0,1
1968,27,2.0,138.0391817134653,92.48409841015041,42.0,3,3.0,2016,0.014072961,1,1,2,475,0,0,0,1
1731,23,2.0,54.59602783454718,31.225905869635525,10.0,4,3.0,2016,0.005767451,1,1,1,388,0,0,0,1
16123,30,2.0,96.03644821402222,36.15881045508672,1.0,4,17.0,2016,7.81528e-05,1,1,22,6398,141,3,23,1
7620,27,1.0,30.69573412509397,29.919262193853392,1.0,12,22.0,2016,0.211401214,1,1,9,1892,0,0,1,1
13151,25,1.0,29.249107775366486,36.15881045508672,0.0,22,25.0,2016,0.069753361,1,1,53,13670,4,1,11,1
16132,6,1.0,51.28350071444804,3.7400630937482617,1.0,21,25.0,2016,0.243204519,1,1,5,1564,0,0,0,1
6759,23,2.0,50.056784424737295,49.57200192623589,1.0,11,17.0,2016,0.034656082000000005,1,1,0,168,0,0,0,1
5349,27,1.0,47.124844547218196,44.75835548189686,1.0,15,14.0,2016,0.072157581,1,1,2,629,1,0,0,0
8920,27,2.0,57.35262187723146,59.9157716608651,10.0,12,10.0,2016,0.072157581,1,1,2,629,1,0,0,0
5140,1,1.0,47.0104306954243,22.589821519909986,9.0,20,27.0,2016,0.007122317,1,1,1,264,0,0,1,1
16353,53,2.0,58.78278704187747,36.15881045508672,1.0,7,22.0,2016,0.049637257,1,1,34,7759,0,1,3,1
12580,6,2.0,60.2940459067204,61.46309530381856,1.0,26,19.0,2016,0.243204519,1,1,5,1564,0,0,0,1
12488,52,1.0,40.0020810679057,39.993279886951505,1.0,2,17.0,2016,0.371148999,1,1,34,7065,1,2,5,1
13169,23,2.0,58.55522999238637,36.15881045508672,1.0,3,2.0,2016,0.005767451,1,1,1,388,0,0,0,1
14018,30,1.0,50.72927572656592,47.28500151459882,1.0,6,25.0,2016,7.81528e-05,1,1,22,6398,141,3,23,1
13089,23,1.0,37.70032520834372,36.15881045508672,10.0,3,20.0,2016,0.005767451,1,1,1,388,0,0,0,1
14321,27,1.0,50.47678621936651,21.066892979401246,1.0,14,12.0,2016,0.017647053,1,1,2,469,0,0,0,1
1624,48,1.0,40.56213506677054,39.91187466398589,1.0,12,1.0,2016,0.041124634,1,1,46,9515,5,1,10,1
10932,6,2.0,65.97391704223209,61.52061452309081,10.0,5,17.0,2016,0.243204519,1,1,5,1564,0,0,0,1
5169,23,1.0,48.9084624617809,24.033376497729712,10.0,6,9.0,2016,0.014072961,1,1,2,475,0,0,0,1
2198,54,3.0,125.4012654858937,128.91346995072922,1.0,7,1.0,2016,0.006076152,1,1,30,5285,0,6,6,1
11615,24,1.0,61.367530072393855,61.00849954747724,0.0,6,15.0,2016,0.111627393,1,1,50,12238,8,2,3,1
181,9,3.0,83.58913279390535,45.586057284711295,9.0,4,11.0,2016,0.161531741,1,1,25,5648,1,2,4,1
8986,1,1.0,42.13406729518567,36.15881045508672,1.0,22,24.0,2016,0.007122317,1,1,1,264,0,0,1,1
7664,6,2.0,61.38585485200062,61.57963442092511,1.0,11,17.0,2016,0.243204519,1,1,5,1564,0,0,0,1
13799,27,3.0,81.5221905305015,41.77589818802783,1.0,5,1.0,2016,0.017647053,1,1,2,469,0,0,0,1
11384,6,3.0,77.06377276635772,70.31303414128256,1.0,5,17.0,2016,0.243204519,1,1,5,1564,0,0,0,1
7638,53,3.0,80.41686352582073,80.40593351836998,1.0,5,18.0,2016,0.049637257,1,1,34,7759,0,1,3,1
1161,27,1.0,41.88883468685247,36.15881045508672,1.0,9,1.0,2016,0.017647053,1,1,2,469,0,0,0,1
6491,6,3.0,80.52416501091461,40.70104008260464,1.0,6,1.0,2016,0.243204519,1,1,5,1564,0,0,0,1
4519,27,1.0,45.075047686097825,44.26154470345653,1.0,11,17.0,2016,0.072157581,1,1,2,629,1,0,0,0
5268,27,1.0,28.713676120580395,30.950944297890832,1.0,19,22.0,2016,0.211401214,1,1,9,1892,0,0,1,1
11573,93,1.0,42.08341868612245,21.082349339927205,10.0,4,17.0,2016,0.521867054,1,1,25,6149,0,0,0,1
9331,27,3.0,82.65898784667296,78.32395029004084,10.0,16,14.0,2016,0.072157581,1,1,2,629,1,0,0,0
7497,23,1.0,43.09847887015744,20.06013263630316,1.0,9,17.0,2016,0.034656082000000005,1,1,0,168,0,0,0,1
5018,27,2.0,65.81218754096736,33.852297606893195,11.0,5,18.0,2016,0.072157581,1,1,2,629,1,0,0,0
4198,23,2.0,53.09235955387693,36.15881045508672,10.0,5,3.0,2016,0.005767451,1,1,1,388,0,0,0,1
15077,134,2.0,61.664405549057676,36.15881045508672,1.0,8,1.0,2016,0.212515361,1,1,19,3293,16,3,7,1
1499,27,3.0,84.72014941664493,84.70274776361636,1.0,9,12.0,2016,0.072157581,1,1,2,629,1,0,0,0
14579,27,3.0,77.38424831726405,76.90490253082197,10.0,12,19.0,2016,0.211401214,1,1,9,1892,0,0,1,1
15150,27,2.0,61.81463314864892,58.883439932547894,10.0,4,15.0,2016,0.017647053,1,1,2,469,0,0,0,1
13961,6,1.0,41.2614815992919,37.22608037106515,1.0,7,17.0,2016,0.243204519,1,1,5,1564,0,0,0,1
1226,53,2.0,57.32888966738285,36.15881045508672,1.0,21,19.0,2016,0.049637257,1,1,34,7759,0,1,3,1
4343,6,2.0,55.315784199501316,31.07278999500863,9.0,4,17.0,2016,0.243204519,1,1,5,1564,0,0,0,1
9678,9,2.0,66.73969364046987,36.15881045508672,10.0,10,17.0,2016,0.161531741,1,1,25,5648,1,2,4,1
7564,38,3.0,93.09931619745156,53.85179900128985,1.0,27,26.0,2016,0.060753049,1,1,15,2787,2,0,7,1
8250,58,1.0,50.26207214305225,1.916946711363057,1.0,10,9.0,2016,0.43788524,1,1,23,5735,3,0,5,1
12699,23,1.0,31.297256502104627,27.415963977478533,1.0,8,1.0,2016,0.034656082000000005,1,1,0,168,0,0,0,1
5464,93,2.0,70.48011132680861,68.61411012153626,12.0,9,17.0,2016,0.050900058,1,1,43,10621,1,2,3,1
11005,23,3.0,84.44533637955705,36.15881045508672,1.0,16,1.0,2016,0.034656082000000005,1,1,0,168,0,0,0,1
1234,1,2.0,71.90870883067885,75.47705830177568,1.0,3,22.0,2016,0.007122317,1,1,1,264,0,0,1,1
4245,27,2.0,65.74084235281127,38.210692638060216,9.0,4,17.0,2016,0.211401214,1,1,9,1892,0,0,1,1
11797,30,1.0,31.327788028206815,36.15881045508672,1.0,5,17.0,2016,7.81528e-05,1,1,22,6398,141,3,23,1
7868,59,3.0,110.91980931701755,108.083700277284,0.0,10,10.0,2016,0.019508796,1,1,37,7687,11,5,5,1
4391,27,2.0,40.0254905290089,43.603072484157465,10.0,8,12.0,2016,0.072157581,1,1,2,629,1,0,0,0
9322,26,2.0,59.23289700429344,60.06710491762188,1.0,3,1.0,2016,0.089039719,1,1,33,7976,5,0,11,1
7607,1,3.0,78.42852373149417,36.15881045508672,10.0,13,17.0,2016,0.007122317,1,1,1,264,0,0,1,1
4148,62,3.0,87.67646209339165,49.89395269954444,11.0,9,7.0,2016,0.072157581,1,1,2,629,1,0,0,0
8174,23,1.0,46.88683597148046,36.15881045508672,0.0,3,3.0,2016,0.034656082000000005,1,1,0,168,0,0,0,1
976,25,1.0,33.86332584745452,32.41952725897953,10.0,3,22.0,2016,0.069753361,1,1,53,13670,4,1,11,1
941,9,3.0,78.07812950073749,44.44074485914806,9.0,9,11.0,2016,0.161531741,1,1,25,5648,1,2,4,1
9888,45,2.0,60.50125959292068,60.88111910992416,10.0,24,24.0,2016,0.195781053,1,1,23,5212,6,3,2,1
8516,6,1.0,38.278452612274435,42.65581276177515,1.0,18,17.0,2016,0.243204519,1,1,5,1564,0,0,0,1
1489,30,2.0,54.80756985187132,52.74985613727364,1.0,17,17.0,2016,7.81528e-05,1,1,22,6398,141,3,23,1
9391,6,3.0,74.13712826120147,36.15881045508672,12.0,4,17.0,2016,0.243204519,1,1,5,1564,0,0,0,1
8638,25,5.0,120.33072670890957,115.32842981701448,1.0,14,25.0,2016,0.069753361,1,1,53,13670,4,1,11,1
10795,6,2.0,62.2113794254756,58.00986704349823,1.0,12,17.0,2016,0.243204519,1,1,5,1564,0,0,0,1
3172,27,3.0,59.43398388460759,58.951356011653225,1.0,7,25.0,2016,0.072157581,1,1,2,629,1,0,0,0
14673,6,1.0,48.573115082961,45.53385997556143,1.0,18,25.0,2016,0.243204519,1,1,5,1564,0,0,0,1
15599,6,2.0,61.443165244106034,64.4780442374249,1.0,5,17.0,2016,0.243204519,1,1,5,1564,0,0,0,1
554,62,1.0,45.13309684365087,18.20395548531157,11.0,4,17.0,2016,0.072157581,1,1,2,629,1,0,0,0
3993,27,2.0,63.936040519539596,29.62213103328339,14.0,4,3.0,2016,0.011654127,1,1,4,915,0,0,0,1
510,30,3.0,83.03430064113046,82.61283614933097,1.0,17,17.0,2016,7.81528e-05,1,1,22,6398,141,3,23,1
10746,6,1.0,40.395733335293706,41.949729258035326,1.0,2,17.0,2016,0.243204519,1,1,5,1564,0,0,0,1
12526,6,2.0,64.00979631466471,68.50953909652075,12.0,14,17.0,2016,0.243204519,1,1,5,1564,0,0,0,1
14761,34,2.0,59.54278915675021,60.528867552396314,1.0,16,17.0,2016,0.069753361,1,1,53,13670,4,1,11,1
14256,62,2.0,77.46045574896198,76.5461176479253,12.0,9,16.0,2016,0.072157581,1,1,2,629,1,0,0,0
16487,58,1.0,53.40025777732657,36.15881045508672,1.0,7,9.0,2016,0.43788524,1,1,23,5735,3,0,5,1
8931,9,3.0,88.90062789819622,51.15029133990633,10.0,9,13.0,2016,0.161531741,1,1,25,5648,1,2,4,1
11430,34,1.0,41.44711512315589,44.513657522514265,1.0,17,1.0,2016,0.069753361,1,1,53,13670,4,1,11,1
10559,27,1.0,42.06369692074535,41.012215389929146,1.0,3,9.0,2016,0.011654127,1,1,4,915,0,0,0,1
3537,23,1.0,30.23998115245942,28.567652177409162,0.0,7,9.0,2016,0.034656082000000005,1,1,0,168,0,0,0,1
2423,6,1.0,40.64627875383704,40.245971445843786,6.0,18,17.0,2016,0.243204519,1,1,5,1564,0,0,0,1
7271,48,2.0,63.62405215546094,36.15881045508672,1.0,12,1.0,2016,0.041124634,1,1,46,9515,5,1,10,1
2442,53,3.0,79.42705371905548,77.40201304953315,1.0,16,16.0,2016,0.049637257,1,1,34,7759,0,1,3,1
3691,6,2.0,66.67457077605533,3.7230314790522496,1.0,2,17.0,2016,0.243204519,1,1,5,1564,0,0,0,1
6957,27,2.0,69.26110488097932,36.15881045508672,1.0,10,16.0,2016,0.211401214,1,1,9,1892,0,0,1,1
16723,23,2.0,66.13738158910844,36.15881045508672,1.0,3,17.0,2016,0.075778755,1,1,6,1437,3,0,2,1
6489,48,2.0,62.07199667687857,60.723785302444725,1.0,3,1.0,2016,0.041124634,1,1,46,9515,5,1,10,1
11283,27,1.0,40.26422154570846,36.15881045508672,1.0,2,17.0,2016,0.011654127,1,1,4,915,0,0,0,1
4849,23,1.0,33.989705343871414,28.426488226864,1.0,3,9.0,2016,0.034656082000000005,1,1,0,168,0,0,0,1
9672,93,3.0,139.70880562664016,3.8095251645115935,1.0,3,2.0,2016,0.004949358,1,1,0,186,0,0,0,1
10674,6,1.0,62.38667783947727,31.13131830882121,1.0,8,7.0,2016,0.243204519,1,1,5,1564,0,0,0,1
7110,6,1.0,48.48100349126128,3.85239974978188,1.0,12,25.0,2016,0.243204519,1,1,5,1564,0,0,0,1
5131,34,1.0,45.7599465308024,42.01243005555953,1.0,17,25.0,2016,0.069753361,1,1,53,13670,4,1,11,1
2681,27,1.0,43.741749881398135,36.15881045508672,1.0,5,17.0,2016,0.211401214,1,1,9,1892,0,0,1,1
8015,27,1.0,66.0990958257489,33.639610651444656,62.0,3,7.0,2016,0.01405792,1,1,1,290,0,0,0,1
4867,1,2.0,71.41014035028934,38.440216238470136,9.0,9,25.0,2016,0.007122317,1,1,1,264,0,0,1,1
15509,27,2.0,55.43986118530975,57.52724313175271,10.0,15,17.0,2016,0.011654127,1,1,4,915,0,0,0,1
12385,27,2.0,60.57808384208661,60.31553640134182,10.0,13,12.0,2016,0.011654127,1,1,4,915,0,0,0,1
7717,23,1.0,42.71823505296052,40.625016003227636,1.0,3,4.0,2016,0.034656082000000005,1,1,0,168,0,0,0,1
13959,52,1.0,41.268566689764775,36.15881045508672,10.0,7,17.0,2016,0.371148999,1,1,34,7065,1,2,5,1
6342,38,3.0,104.46398314956707,52.55810562257431,10.0,11,17.0,2016,0.060753049,1,1,15,2787,2,0,7,1
13847,53,1.0,38.62020539009957,40.66350752328936,1.0,21,19.0,2016,0.049637257,1,1,34,7759,0,1,3,1
13602,23,1.0,39.38476387458083,36.15881045508672,1.0,7,17.0,2016,0.034656082000000005,1,1,0,168,0,0,0,1
5199,27,2.0,59.054989852429294,61.64753100769474,57.0,13,12.0,2016,0.211401214,1,1,9,1892,0,0,1,1
6720,27,3.0,81.87732585620229,83.30825927519344,10.0,16,17.0,2016,0.011654127,1,1,4,915,0,0,0,1
5701,45,2.0,60.15191650192974,59.98277669169961,11.0,13,17.0,2016,0.195781053,1,1,23,5212,6,3,2,1
14329,37,2.0,60.65100869429421,44.72805650305296,10.0,14,22.0,2016,0.17891679600000002,1,1,18,3594,4,1,5,1
12434,35,2.0,62.28974716718402,36.15881045508672,1.0,18,17.0,2016,0.089039719,1,1,33,7976,5,0,11,1
9818,53,3.0,81.5544794171576,52.30931760461256,10.0,8,25.0,2016,0.049637257,1,1,34,7759,0,1,3,1
13058,6,2.0,52.523695296279755,34.675748344973755,9.0,6,17.0,2016,0.243204519,1,1,5,1564,0,0,0,1
14196,113,3.0,138.4092130323767,36.15881045508672,1.0,19,18.0,2016,0.050755569,1,1,24,5469,1,0,1,1
14540,6,3.0,75.79530913564811,76.62545146690293,1.0,12,17.0,2016,0.243204519,1,1,5,1564,0,0,0,1
8975,23,2.0,54.813032334341976,36.15881045508672,1.0,10,12.0,2016,0.034656082000000005,1,1,0,168,0,0,0,1
6175,54,1.0,56.74966456352562,41.934181331151684,10.0,14,17.0,2016,0.006076152,1,1,30,5285,0,6,6,1
10270,23,2.0,55.23424072210433,52.66617638344458,10.0,11,17.0,2016,0.034656082000000005,1,1,0,168,0,0,0,1
11593,6,1.0,41.4685227245276,39.270827749538,1.0,5,17.0,2016,0.243204519,1,1,5,1564,0,0,0,1
5002,1,3.0,82.62484278939883,4.3793174327738145,1.0,5,17.0,2016,0.007122317,1,1,1,264,0,0,1,1
4611,27,2.0,76.70954314419859,2.98950824657749,1.0,13,12.0,2016,0.072157581,1,1,2,629,1,0,0,0
8546,93,1.0,45.787454079764245,21.468350475687725,10.0,11,24.0,2016,0.050900058,1,1,43,10621,1,2,3,1
2515,23,1.0,49.52032486745218,36.15881045508672,1.0,4,16.0,2016,0.014072961,1,1,2,475,0,0,0,1
349,34,3.0,88.13665051058642,85.27098850930966,10.0,12,25.0,2016,0.069753361,1,1,53,13670,4,1,11,1
15181,27,4.0,104.66420890942148,66.90356254305692,1.0,4,1.0,2016,0.017647053,1,1,2,469,0,0,0,1
14275,27,1.0,47.52711070587539,43.38756921064507,1.0,17,17.0,2017,0.072157581,1,1,2,629,1,0,0,0
6624,27,1.0,42.41379292852747,42.43488662634184,10.0,12,17.0,2017,0.011654127,1,1,4,915,0,0,0,1
14788,6,1.0,38.269173303791476,36.15881045508672,1.0,6,17.0,2017,0.243204519,1,1,5,1564,0,0,0,1
10929,48,1.0,40.76789229479071,37.236548497599394,1.0,20,19.0,2017,0.041124634,1,1,46,9515,5,1,10,1
7034,45,2.0,59.927502219947044,3.798341250821946,1.0,23,1.0,2017,0.195781053,1,1,23,5212,6,3,2,1
10749,6,2.0,65.58257179879305,66.67575842977638,1.0,4,2.0,2017,0.243204519,1,1,5,1564,0,0,0,1
7425,27,1.0,41.43988853509735,39.2670509603737,10.0,8,22.0,2017,0.211401214,1,1,9,1892,0,0,1,1
9596,6,2.0,54.22550297262671,36.15881045508672,1.0,12,17.0,2017,0.243204519,1,1,5,1564,0,0,0,1
9477,27,1.0,36.619374678263114,36.15881045508672,8.0,16,25.0,2017,0.072157581,1,1,2,629,1,0,0,0
8148,53,1.0,41.269606112948324,22.627979290356464,8.0,11,24.0,2017,0.049637257,1,1,34,7759,0,1,3,1
16055,62,3.0,108.21890113362416,108.2722770533105,10.0,4,17.0,2017,0.072157581,1,1,2,629,1,0,0,0
13706,23,3.0,81.00345522474205,2.3668688161385183,1.0,5,5.0,2017,0.034656082000000005,1,1,0,168,0,0,0,1
7268,14,2.0,66.47972316303448,64.169820037615,10.0,14,17.0,2017,0.042031587,1,1,37,6856,84,2,5,1
9887,1,2.0,53.6583502346005,54.97524652672492,10.0,10,17.0,2017,0.007122317,1,1,1,264,0,0,1,1
1350,48,3.0,97.9307473968295,94.97939621861723,1.0,22,1.0,2017,0.041124634,1,1,46,9515,5,1,10,1
3288,34,2.0,57.21075802605213,57.60646418613536,10.0,22,25.0,2017,0.069753361,1,1,53,13670,4,1,11,1
3146,1,3.0,83.0531208131697,36.15881045508672,10.0,7,17.0,2017,0.007122317,1,1,1,264,0,0,1,1
6539,1,1.0,39.25506605613357,36.15881045508672,10.0,7,17.0,2017,0.007122317,1,1,1,264,0,0,1,1
11315,30,3.0,93.2013958849758,36.15881045508672,1.0,3,2.0,2017,7.81528e-05,1,1,22,6398,141,3,23,1
97,53,3.0,84.37219968566154,57.18518046695963,12.0,16,24.0,2017,0.049637257,1,1,34,7759,0,1,3,1
16466,1,2.0,56.486065189589006,52.83710922200508,1.0,19,17.0,2017,0.007122317,1,1,1,264,0,0,1,1
10616,1,2.0,77.46354026700465,36.15881045508672,1.0,5,16.0,2017,0.007122317,1,1,1,264,0,0,1,1
6341,25,3.0,85.4462500386036,36.15881045508672,1.0,12,1.0,2017,0.069753361,1,1,53,13670,4,1,11,1
6945,53,3.0,85.18661187100972,36.15881045508672,11.0,11,12.0,2017,0.049637257,1,1,34,7759,0,1,3,1
12112,27,3.0,83.4746666936134,3.5366729098750014,1.0,2,17.0,2017,0.072157581,1,1,2,629,1,0,0,0
7735,33,1.0,31.725006444127565,33.088428227777854,1.0,4,4.0,2017,0.236108458,1,1,16,3893,27,3,10,1
9104,25,3.0,89.4479360199383,86.2073484277887,1.0,9,25.0,2017,0.069753361,1,1,53,13670,4,1,11,1
10961,45,1.0,40.00953288374423,21.12396984052312,10.0,17,17.0,2017,0.195781053,1,1,23,5212,6,3,2,1
11973,30,1.0,50.68379054107131,36.15881045508672,1.0,5,5.0,2017,7.81528e-05,1,1,22,6398,141,3,23,1
11379,34,3.0,82.52433395390284,80.78735164459826,1.0,10,1.0,2017,0.069753361,1,1,53,13670,4,1,11,1
3352,113,1.0,78.24039417529103,75.5955757782687,0.0,5,12.0,2017,0.050755569,1,1,24,5469,1,0,1,1
13093,59,1.0,49.14409265395407,44.013458202479285,1.0,18,17.0,2017,0.019508796,1,1,37,7687,11,5,5,1
5744,73,2.0,74.48878941919456,73.45254375840125,1.0,4,17.0,2017,0.042031587,1,1,37,6856,84,2,5,1
10884,62,2.0,69.35764552494996,35.070784455198826,12.0,6,9.0,2017,0.072157581,1,1,2,629,1,0,0,0
8622,23,1.0,40.29525080704799,36.15881045508672,1.0,4,4.0,2017,0.034656082000000005,1,1,0,168,0,0,0,1
7614,30,1.0,40.35450405256268,36.15881045508672,1.0,6,1.0,2017,7.81528e-05,1,1,22,6398,141,3,23,1
13589,27,3.0,173.9744796408535,76.28947475101772,9.0,3,3.0,2017,0.041116354,1,1,53,14892,4,1,4,1
2988,63,1.0,47.85458714614494,49.135264387121026,1.0,8,25.0,2017,0.23861713,1,1,26,3889,6,3,6,1
10769,6,1.0,45.707637307709945,36.15881045508672,1.0,4,25.0,2017,0.243204519,1,1,5,1564,0,0,0,1
11366,6,2.0,62.63302347184765,43.15112225927083,10.0,17,17.0,2017,0.243204519,1,1,5,1564,0,0,0,1
3390,72,1.0,101.52566433324655,5.76631218998812,1.0,25,1.0,2017,0.210473241,1,1,11,2398,2,3,0,1
13420,27,2.0,66.2686434987951,39.26450110491086,8.0,5,3.0,2017,0.01405792,1,1,1,290,0,0,0,1
1972,25,4.0,95.25545869997845,36.15881045508672,1.0,2,20.0,2017,0.069753361,1,1,53,13670,4,1,11,1
16750,74,2.0,51.15740339100298,48.62978589972374,0.0,5,3.0,2017,0.075778755,1,1,6,1437,3,0,2,1
2158,27,2.0,65.64769300184166,60.727850739324296,1.0,8,17.0,2017,0.011654127,1,1,4,915,0,0,0,1
2009,23,1.0,28.025001004529344,3.625649033766236,1.0,13,17.0,2017,0.034656082000000005,1,1,0,168,0,0,0,1
12450,53,1.0,39.47560391694656,38.80918097732466,1.0,11,9.0,2017,0.049637257,1,1,34,7759,0,1,3,1
2385,27,3.0,86.85467316262272,52.699443089225475,1.0,3,16.0,2017,0.017647053,1,1,2,469,0,0,0,1
13027,23,3.0,70.39040848929697,3.9226767405428022,1.0,4,3.0,2017,0.005767451,1,1,1,388,0,0,0,1
13207,6,2.0,64.74590187293714,62.37826086251769,1.0,9,17.0,2017,0.243204519,1,1,5,1564,0,0,0,1
3341,62,3.0,112.11401886382687,112.24784145945087,112.0,3,3.0,2017,0.072157581,1,1,2,629,1,0,0,0
605,134,1.0,50.35534153250654,4.773885201855045,1.0,14,25.0,2017,0.212515361,1,1,19,3293,16,3,7,1
12254,45,1.0,39.58597946776947,39.512575423856894,9.0,5,17.0,2017,0.195781053,1,1,23,5212,6,3,2,1
3214,1,1.0,42.00672251324847,41.11711742689751,10.0,3,9.0,2017,0.007122317,1,1,1,264,0,0,1,1
699,30,2.0,65.69160993787237,66.74285777449711,1.0,19,24.0,2017,7.81528e-05,1,1,22,6398,141,3,23,1
11452,23,1.0,29.708661716248326,28.26055151027189,10.0,6,17.0,2017,0.034656082000000005,1,1,0,168,0,0,0,1
12055,74,2.0,61.44071615862152,62.13607787416767,1.0,10,12.0,2017,0.309479124,1,1,35,7715,4,0,6,1
7348,53,2.0,58.06402060019615,59.26992208417991,1.0,8,19.0,2017,0.049637257,1,1,34,7759,0,1,3,1
12912,134,2.0,64.71121973020472,62.19484091633999,1.0,3,17.0,2017,0.212515361,1,1,19,3293,16,3,7,1
16384,1,2.0,52.773671063301144,52.91072182441317,10.0,6,17.0,2017,0.007122317,1,1,1,264,0,0,1,1
7363,30,3.0,85.74101988131868,84.95760601322195,10.0,16,18.0,2017,7.81528e-05,1,1,22,6398,141,3,23,1
10162,6,3.0,80.03910659199211,78.36043716268166,1.0,3,17.0,2017,0.243204519,1,1,5,1564,0,0,0,1
3357,27,3.0,170.47632584192434,75.97361243479645,8.0,2,2.0,2017,0.041116354,1,1,53,14892,4,1,4,1
796,27,3.0,102.1100516978485,104.52573261389166,10.0,13,17.0,2017,0.072157581,1,1,2,629,1,0,0,0
1095,27,2.0,57.60356358302562,58.67384886246442,1.0,7,12.0,2017,0.011654127,1,1,4,915,0,0,0,1
817,34,4.0,104.08303140734616,97.14557534780147,15.0,7,22.0,2017,0.069753361,1,1,53,13670,4,1,11,1
15779,27,1.0,44.6401339369616,22.46237880643549,8.0,7,16.0,2017,0.017647053,1,1,2,469,0,0,0,1
8689,45,2.0,63.57236157097014,61.06865608163906,1.0,13,12.0,2017,0.195781053,1,1,23,5212,6,3,2,1
10350,6,3.0,79.27431299641455,81.63637343610553,10.0,11,17.0,2017,0.243204519,1,1,5,1564,0,0,0,1
2786,53,1.0,37.60498614858784,40.61105594408676,1.0,14,12.0,2017,0.049637257,1,1,34,7759,0,1,3,1
2264,100,1.0,65.67250886585836,63.19721162004882,1.0,16,16.0,2017,0.200146802,1,1,23,3975,8,2,0,1
4558,23,1.0,32.00855803327691,31.816971417685412,1.0,9,17.0,2017,0.034656082000000005,1,1,0,168,0,0,0,1
12748,38,1.0,47.705575627852326,46.056491558272626,10.0,25,25.0,2017,0.060753049,1,1,15,2787,2,0,7,1
3285,27,1.0,37.36832905517467,36.15881045508672,1.0,23,22.0,2017,0.072157581,1,1,2,629,1,0,0,0
8533,27,1.0,42.76952139483762,42.72103866514149,10.0,8,20.0,2017,0.011654127,1,1,4,915,0,0,0,1
11491,54,1.0,78.18187266850681,75.20390138938626,1.0,1,15.0,2017,0.006076152,1,1,30,5285,0,6,6,1
5034,27,3.0,76.05188945288387,74.61495977757595,1.0,10,12.0,2017,0.011654127,1,1,4,915,0,0,0,1
7227,34,1.0,52.12702870114566,36.15881045508672,9.0,13,25.0,2017,0.069753361,1,1,53,13670,4,1,11,1
11464,59,2.0,68.69220691334951,36.15881045508672,1.0,9,20.0,2017,0.0,1,1,18,3374,5,1,2,1
13014,53,3.0,81.14163621808251,0.863988696303456,0.0,10,1.0,2017,0.049637257,1,1,34,7759,0,1,3,1
11871,48,2.0,83.7467762689228,36.15881045508672,10.0,19,25.0,2017,0.041124634,1,1,46,9515,5,1,10,1
12228,73,2.0,74.76070352620415,73.27969400365927,1.0,12,24.0,2017,0.042031587,1,1,37,6856,84,2,5,1
1139,6,2.0,63.5173347059491,36.15881045508672,1.0,25,25.0,2017,0.243204519,1,1,5,1564,0,0,0,1
15032,45,3.0,80.18781546972569,74.9166737320544,0.0,25,25.0,2017,0.195781053,1,1,23,5212,6,3,2,1
138,27,3.0,86.69858388482605,85.19530617089515,1.0,8,14.0,2017,0.072157581,1,1,2,629,1,0,0,0
13238,74,3.0,119.6074819504299,36.15881045508672,10.0,8,12.0,2017,0.075778755,1,1,6,1437,3,0,2,1
1259,53,3.0,81.31059858010299,80.2815832962453,1.0,20,18.0,2017,0.049637257,1,1,34,7759,0,1,3,1
5708,45,2.0,61.91108021112278,59.83682623173718,10.0,14,24.0,2017,0.195781053,1,1,23,5212,6,3,2,1
6723,6,2.0,62.939308774026365,64.61850100040273,1.0,10,17.0,2017,0.243204519,1,1,5,1564,0,0,0,1
13805,23,2.0,55.03129296994047,55.77806517493887,1.0,4,12.0,2017,0.005767451,1,1,1,388,0,0,0,1
2991,48,3.0,96.99525962639784,5.3345196938074055,1.0,24,25.0,2017,0.041124634,1,1,46,9515,5,1,10,1
8667,34,3.0,80.13276169446789,44.546530233672094,10.0,24,22.0,2017,0.069753361,1,1,53,13670,4,1,11,1
3786,23,1.0,41.957288021103956,41.598685828279976,1.0,4,9.0,2017,0.034656082000000005,1,1,0,168,0,0,0,1
4064,52,2.0,65.98011266483246,66.03440635972252,10.0,9,17.0,2017,0.371148999,1,1,34,7065,1,2,5,1
10634,169,3.0,90.40925007414741,86.15461271620632,1.0,3,3.0,2017,0.17891679600000002,1,1,18,3594,4,1,5,1
2349,23,1.0,44.729062035803544,4.783498733893318,1.0,5,12.0,2017,0.014072961,1,1,2,475,0,0,0,1
11972,27,2.0,65.66091478699704,60.67694868236322,7.0,3,1.0,2017,0.017647053,1,1,2,469,0,0,0,1
11971,169,2.0,67.94555137697529,69.26308549302902,1.0,2,2.0,2017,0.17891679600000002,1,1,18,3594,4,1,5,1
4190,6,1.0,47.74971639778552,47.88747335403854,1.0,10,25.0,2017,0.243204519,1,1,5,1564,0,0,0,1
6083,27,1.0,40.483302565681356,37.38286553859556,10.0,6,15.0,2017,0.211401214,1,1,9,1892,0,0,1,1
4058,27,6.0,223.45368881085602,104.11355236935852,16.0,2,2.0,2017,0.041116354,1,1,53,14892,4,1,4,1
109,38,2.0,77.57091626146448,39.787480877306635,1.0,27,26.0,2017,0.060753049,1,1,15,2787,2,0,7,1
5925,62,1.0,42.493907212165105,42.56813259970031,10.0,7,17.0,2017,0.072157581,1,1,2,629,1,0,0,0
3068,1,3.0,82.07236997895968,83.43476522911074,1.0,11,17.0,2017,0.007122317,1,1,1,264,0,0,1,1
16197,27,1.0,42.726200652094455,40.88475319443671,1.0,2,17.0,2017,0.011654127,1,1,4,915,0,0,0,1
8211,48,3.0,98.29220513606735,98.81189989240299,1.0,11,1.0,2017,0.041124634,1,1,46,9515,5,1,10,1
79,27,2.0,67.86461731226782,67.8655550767585,13.0,4,12.0,2017,0.072157581,1,1,2,629,1,0,0,0
15855,78,3.0,82.03371737531909,45.671652064716405,12.0,19,17.0,2017,0.092290642,1,1,21,4346,2,1,2,1
7489,27,1.0,44.49351144660157,42.43648811770733,1.0,13,19.0,2017,0.072157581,1,1,2,629,1,0,0,0
7415,27,3.0,84.42690266015627,36.15881045508672,1.0,10,10.0,2017,0.017647053,1,1,2,469,0,0,0,1
11844,38,1.0,47.00201199705968,47.93881657835622,1.0,11,22.0,2017,0.060753049,1,1,15,2787,2,0,7,1
8502,23,1.0,43.38344767685091,39.63523541755307,1.0,3,4.0,2017,0.034656082000000005,1,1,0,168,0,0,0,1
758,27,1.0,52.980686642680794,51.51383709885996,12.0,11,17.0,2017,0.072157581,1,1,2,629,1,0,0,0
10574,23,3.0,66.47191800762235,64.60692391242944,1.0,5,1.0,2017,0.034656082000000005,1,1,0,168,0,0,0,1
8999,62,3.0,106.97734154831065,2.7600897382743295,1.0,12,12.0,2017,0.072157581,1,1,2,629,1,0,0,0
1254,1,1.0,38.93122519029418,3.006016574191634,1.0,16,17.0,2017,0.007122317,1,1,1,264,0,0,1,1
6000,23,1.0,31.308243279063888,34.8556039684637,1.0,2,17.0,2017,0.034656082000000005,1,1,0,168,0,0,0,1
5047,23,1.0,39.36140692667142,23.160166459674357,10.0,5,15.0,2017,0.034656082000000005,1,1,0,168,0,0,0,1
9033,1,1.0,40.40739185416471,36.15881045508672,10.0,13,17.0,2017,0.007122317,1,1,1,264,0,0,1,1
15530,27,2.0,66.65192701612627,67.20904462306596,10.0,3,10.0,2017,0.017647053,1,1,2,469,0,0,0,1
5170,34,2.0,65.42378286805139,68.6184992489046,1.0,15,25.0,2017,0.069753361,1,1,53,13670,4,1,11,1
15529,53,2.0,58.18847872198303,35.282429448919814,10.0,10,24.0,2017,0.049637257,1,1,34,7759,0,1,3,1
8004,27,4.0,101.62763677915164,100.53961467430544,10.0,13,15.0,2017,0.072157581,1,1,2,629,1,0,0,0
8558,1,1.0,46.51797657382706,46.89152135890333,10.0,24,24.0,2017,0.007122317,1,1,1,264,0,0,1,1
425,53,3.0,79.43132044955854,53.6186575177778,14.0,9,24.0,2017,0.049637257,1,1,34,7759,0,1,3,1
5999,23,2.0,52.451567617574504,50.20658674463307,1.0,4,3.0,2017,0.005767451,1,1,1,388,0,0,0,1
12317,23,3.0,74.45333116814619,50.25648518322311,9.0,1,3.0,2017,0.005767451,1,1,1,388,0,0,0,1
5243,6,2.0,62.17623423718742,60.72346673250922,12.0,12,12.0,2017,0.243204519,1,1,5,1564,0,0,0,1
11010,27,2.0,66.44850258937556,62.4351282951365,10.0,10,17.0,2017,0.011654127,1,1,4,915,0,0,0,1
4728,25,3.0,88.01854828505842,36.15881045508672,10.0,6,25.0,2017,0.069753361,1,1,53,13670,4,1,11,1
9,6,1.0,38.800420103089024,42.56069030117758,1.0,3,17.0,2017,0.243204519,1,1,5,1564,0,0,0,1
14793,27,1.0,47.29597811479785,45.000046899489114,10.0,6,5.0,2017,0.072157581,1,1,2,629,1,0,0,0
14586,23,1.0,41.56153501496149,39.429655184707066,1.0,4,4.0,2017,0.034656082000000005,1,1,0,168,0,0,0,1
10371,30,1.0,31.83723468858185,36.15881045508672,1.0,6,17.0,2017,7.81528e-05,1,1,22,6398,141,3,23,1
13711,27,2.0,63.507809035997546,39.862191081246905,1.0,3,17.0,2017,0.017647053,1,1,2,469,0,0,0,1
14796,52,2.0,53.006470674701255,53.74433945368797,10.0,12,17.0,2017,0.371148999,1,1,34,7065,1,2,5,1
11357,9,2.0,62.45652078824277,36.15881045508672,1.0,12,10.0,2017,0.161531741,1,1,25,5648,1,2,4,1
1189,6,1.0,37.54571738511353,36.813380006526934,1.0,2,17.0,2017,0.243204519,1,1,5,1564,0,0,0,1
7615,1,2.0,85.0278508316292,40.760904864747204,11.0,13,20.0,2017,0.007122317,1,1,1,264,0,0,1,1
7701,23,2.0,50.89174095036861,46.92430071992332,0.0,3,3.0,2017,0.034656082000000005,1,1,0,168,0,0,0,1
4695,1,1.0,40.19847184508317,21.807061075159826,10.0,12,17.0,2017,0.007122317,1,1,1,264,0,0,1,1
14641,27,2.0,60.56476624780491,36.15881045508672,9.0,13,19.0,2018,0.211401214,1,1,9,1892,0,0,1,1
5157,23,2.0,70.34844345140617,39.54158874021661,14.0,5,1.0,2018,0.075778755,1,1,6,1437,3,0,2,1
11066,1,3.0,89.61313913073826,60.403364832558395,10.0,11,22.0,2018,0.007122317,1,1,1,264,0,0,1,1
16500,53,2.0,57.34800186938747,39.401492497799076,10.0,5,24.0,2018,0.049637257,1,1,34,7759,0,1,3,1
16000,27,2.0,66.92923086029376,68.08750973605949,12.0,4,17.0,2018,0.072157581,1,1,2,629,1,0,0,0
5017,27,2.0,57.33114767051465,58.709649842781324,0.0,4,17.0,2018,0.011654127,1,1,4,915,0,0,0,1
12644,1,2.0,62.13862235787858,51.31374571980454,10.0,17,17.0,2018,0.007122317,1,1,1,264,0,0,1,1
4255,1,3.0,77.37611170802313,36.15881045508672,10.0,2,17.0,2018,0.007122317,1,1,1,264,0,0,1,1
16716,6,1.0,38.51580428140892,37.22548122463133,7.0,2,17.0,2018,0.243204519,1,1,5,1564,0,0,0,1
10373,1,1.0,38.89771635355892,38.79296579690328,1.0,7,17.0,2018,0.007122317,1,1,1,264,0,0,1,1
9761,27,1.0,58.30317937765962,57.483792344092244,10.0,9,17.0,2018,0.011654127,1,1,4,915,0,0,0,1
7555,1,2.0,64.09070772861901,65.29720566870812,12.0,2,9.0,2018,0.007122317,1,1,1,264,0,0,1,1
2046,59,1.0,47.80978442513946,36.15881045508672,0.0,8,22.0,2018,0.019508796,1,1,37,7687,11,5,5,1
16588,53,2.0,62.372475496634216,43.59720195240009,9.0,17,24.0,2018,0.049637257,1,1,34,7759,0,1,3,1
6179,30,1.0,30.277371752700052,36.15881045508672,1.0,6,4.0,2018,7.81528e-05,1,1,22,6398,141,3,23,1
8453,23,1.0,27.839145352008995,29.79901734206164,0.0,6,6.0,2018,0.034656082000000005,1,1,0,168,0,0,0,1
2859,62,1.0,45.895518332619076,1.4573654104596891,1.0,10,15.0,2018,0.072157581,1,1,2,629,1,0,0,0
3852,58,1.0,49.90641027517503,1.8738337457440823,1.0,6,1.0,2018,0.43788524,1,1,23,5735,3,0,5,1
2235,27,2.0,62.83634993460206,4.8123375421822985,1.0,7,22.0,2018,0.211401214,1,1,9,1892,0,0,1,1
6185,37,2.0,66.89014715756927,61.98424954890048,7.0,5,10.0,2018,0.17891679600000002,1,1,18,3594,4,1,5,1
13943,1,2.0,51.92715894907544,53.585915138570954,10.0,5,17.0,2018,0.007122317,1,1,1,264,0,0,1,1
6105,23,2.0,64.57525633018204,36.15881045508672,10.0,10,17.0,2018,0.075778755,1,1,6,1437,3,0,2,1
3594,1,2.0,64.63412855828739,3.7914199891823017,1.0,8,17.0,2018,0.007122317,1,1,1,264,0,0,1,1
8993,6,2.0,66.88541292977659,59.60894188781763,1.0,16,25.0,2018,0.243204519,1,1,5,1564,0,0,0,1
10409,1,3.0,82.27655430292491,80.03779867519758,1.0,13,17.0,2018,0.007122317,1,1,1,264,0,0,1,1
12054,27,3.0,79.14676873255533,76.71012708220606,10.0,3,4.0,2018,0.011654127,1,1,4,915,0,0,0,1
6442,27,2.0,58.16510552935325,36.15881045508672,1.0,6,19.0,2018,0.211401214,1,1,9,1892,0,0,1,1
8186,27,3.0,77.13960844842511,78.13797562541191,10.0,13,13.0,2018,0.211401214,1,1,9,1892,0,0,1,1
863,25,3.0,88.38073223429686,2.712936419686772,1.0,14,25.0,2018,0.069753361,1,1,53,13670,4,1,11,1
230,53,2.0,58.1265996957742,56.44746525550964,1.0,4,19.0,2018,0.049637257,1,1,34,7759,0,1,3,1
15137,23,1.0,44.173905893931206,21.35601948565023,9.0,11,17.0,2018,0.075778755,1,1,6,1437,3,0,2,1
9433,23,1.0,31.22986415181169,36.15881045508672,1.0,14,12.0,2018,0.034656082000000005,1,1,0,168,0,0,0,1
163,62,3.0,135.25082847524365,36.15881045508672,1.0,1,3.0,2018,0.072157581,1,1,2,629,1,0,0,0
4047,168,3.0,92.02029339171308,42.533388924599116,22.0,2,2.0,2018,0.341071945,1,1,27,5664,48,3,11,1
11879,37,2.0,64.32031012027858,57.15184225183925,10.0,14,25.0,2018,0.17891679600000002,1,1,18,3594,4,1,5,1
11116,63,1.0,51.29329185342407,1.9328041914861789,1.0,10,1.0,2018,0.23861713,1,1,26,3889,6,3,6,1
16138,38,3.0,93.6981221682798,94.52146490100745,10.0,21,27.0,2018,0.060753049,1,1,15,2787,2,0,7,1
2114,53,2.0,64.77394897758238,60.86110626424346,8.0,14,17.0,2018,0.049637257,1,1,34,7759,0,1,3,1
8164,53,2.0,64.94662099874508,44.86540278945657,10.0,15,24.0,2018,0.049637257,1,1,34,7759,0,1,3,1
3725,27,1.0,41.68832813488761,40.55421074722895,1.0,15,17.0,2018,0.011654127,1,1,4,915,0,0,0,1
16143,6,3.0,79.96525310380406,44.157053940892155,13.0,2,25.0,2018,0.243204519,1,1,5,1564,0,0,0,1
3830,30,1.0,38.157393617587424,39.35737674430319,1.0,5,1.0,2018,7.81528e-05,1,1,22,6398,141,3,23,1
10057,27,1.0,42.916845872695546,21.093891122528827,6.0,10,15.0,2018,0.072157581,1,1,2,629,1,0,0,0
123,52,3.0,84.01352699751675,85.79180502042577,1.0,14,17.0,2018,0.371148999,1,1,34,7065,1,2,5,1
6406,27,2.0,66.46950988443243,0.5672669909658279,0.0,4,0.0,2018,0.017647053,1,1,2,469,0,0,0,1
6810,27,2.0,59.408283656948825,61.40575533373045,10.0,11,17.0,2018,0.017647053,1,1,2,469,0,0,0,1
16520,1,2.0,66.19336792888153,36.15881045508672,10.0,5,22.0,2018,0.007122317,1,1,1,264,0,0,1,1
744,25,1.0,36.098536246185844,35.88146555365105,1.0,16,1.0,2018,0.069753361,1,1,53,13670,4,1,11,1
10455,1,1.0,43.804662360507905,42.730272019179075,1.0,10,17.0,2018,0.007122317,1,1,1,264,0,0,1,1
3466,27,1.0,35.56042426937481,2.205485104158386,1.0,15,17.0,2018,0.011654127,1,1,4,915,0,0,0,1
16708,74,1.0,54.56075678928648,36.15881045508672,1.0,5,16.0,2018,0.075778755,1,1,6,1437,3,0,2,1
6854,6,2.0,63.959264538197964,62.86548044557145,1.0,16,17.0,2018,0.243204519,1,1,5,1564,0,0,0,1
7099,169,2.0,58.92992089047305,55.040334406173656,10.0,16,17.0,2018,0.17891679600000002,1,1,18,3594,4,1,5,1
4483,62,1.0,41.951461691916414,45.6721398350965,41.0,13,17.0,2018,0.072157581,1,1,2,629,1,0,0,0
6664,53,2.0,59.45105344064522,36.122148093269374,10.0,10,24.0,2018,0.049637257,1,1,34,7759,0,1,3,1
5242,27,2.0,71.52025221956288,31.908843359924088,10.0,4,17.0,2018,0.011654127,1,1,4,915,0,0,0,1
14241,62,3.0,86.30462183732111,55.289313305743725,11.0,5,14.0,2018,0.072157581,1,1,2,629,1,0,0,0
15147,6,2.0,63.367317200458295,40.99588011533297,10.0,4,17.0,2018,0.243204519,1,1,5,1564,0,0,0,1
9935,27,2.0,42.252013017800884,43.12578733042585,10.0,15,17.0,2018,0.072157581,1,1,2,629,1,0,0,0
1347,45,2.0,56.22782737638868,56.767757413823894,0.0,4,0.0,2018,0.195781053,1,1,23,5212,6,3,2,1
12350,1,1.0,39.64614985677765,22.688718682654148,10.0,3,9.0,2018,0.007122317,1,1,1,264,0,0,1,1
14668,62,1.0,45.00112917979175,20.165970031652595,11.0,11,15.0,2018,0.072157581,1,1,2,629,1,0,0,0
3308,30,1.0,39.21252608315883,36.15881045508672,1.0,15,15.0,2018,7.81528e-05,1,1,22,6398,141,3,23,1
9654,14,1.0,40.309552003105175,39.65936287909926,10.0,1,3.0,2018,0.23861713,1,1,26,3889,6,3,6,1
9251,1,3.0,81.98333868762508,36.15881045508672,10.0,5,17.0,2018,0.007122317,1,1,1,264,0,0,1,1
6402,74,2.0,77.54897193086906,50.69925739008649,10.0,7,17.0,2018,0.075778755,1,1,6,1437,3,0,2,1
7855,6,1.0,4.967143135989674,2.9680857384128285,1.0,3,1.0,2018,0.243204519,1,1,5,1564,0,0,0,1
362,6,1.0,50.41114049730061,5.77569736785934,1.0,27,25.0,2018,0.243204519,1,1,5,1564,0,0,0,1
8729,27,1.0,46.16906456389288,36.15881045508672,1.0,7,17.0,2018,0.072157581,1,1,2,629,1,0,0,0
3713,93,1.0,45.955517773352135,19.422575786512414,1.0,3,21.0,2018,0.004949358,1,1,0,186,0,0,0,1
635,34,1.0,33.74211915240898,33.33656548978688,1.0,16,1.0,2018,0.069753361,1,1,53,13670,4,1,11,1
9969,45,1.0,42.49149967626333,3.4662075433314485,1.0,4,2.0,2018,0.195781053,1,1,23,5212,6,3,2,1
5346,53,4.0,110.36648692891255,77.70584922022466,20.0,9,24.0,2018,0.049637257,1,1,34,7759,0,1,3,1
